<?xml version="1.0" encoding="utf-8"?>
<extension version="1.6" type="plugin" group="content" method="upgrade">
	<name>Content - Insteon</name>
	<author>Tod Price aka HTRN</author>
	<creationDate>November 2010</creationDate>
	<copyright>Copyright (C) 2010 Open Source Matters. All rights reserved.</copyright>
	<license>http://www.gnu.org/licenses/gpl-2.0.html GNU/GPL</license>
	<authorEmail>htrn@fancygaphtrn.com</authorEmail>
	<authorUrl>www.fancygaphtrn.com</authorUrl>
	<version>1.0</version>
	<description>Insteon Control Panel</description>
	<files>
		<filename>index.html</filename>
		<filename plugin="insteon">insteon.php</filename>
		<folder >css</folder>
		<folder >images</folder>
		<folder >js</folder>
		<folder >language</folder>
	</files>
	<config><fields name="params"><fieldset name="basic" label="basic">
		<field name="enabled" type="radio" default="1" label="Enable Plugin" description="PARAMENABLED">
			<option value="0">No</option>
			<option value="1">Yes</option>
		</field>
		<field type="text" name="insteonaddress" size="50" default="127.0.0.1" label="Insteon address" description="Please enter the address of the Insteon server" />
		<field type="text" name="insteonport" size="10" default="9091" label="Insteon port" description="Please enter the port of the Insteon server" />
		<field type="text" name="insteontime" size="10" default="10000" label="Insteon refresh time" description="Please enter the refresh time in ms" />

	</fieldset></fields></config>
</extension>
