<?xml version="1.0" encoding="utf-8"?>
<extension type="component" method="upgrade" version="2.5">
	<name>Insteon</name>
	<creationDate>2011-09-01</creationDate>
	<author>Tod Price</author>
	<authorEmail>htrn@fancygaphtrn.com</authorEmail>
	<authorUrl>http://www.fancygaphtrn.com</authorUrl>
	<copyright>Copyright (C) 2011 Tod Price Open Source Matters. All rights reserved.</copyright>	
	<license>http://www.gnu.org/licenses/gpl-2.0.html GNU/GPL</license>
	<version>2.0.3</version>
	<description>Insteon Home Automation</description>
	<installfile></installfile>
	<uninstallfile></uninstallfile>
	<install>
		<sql>
			<file driver="mysql" charset="utf8">sql/install.mysql.sql</file>
		</sql>
	</install>
	<uninstall>
		<sql>
			<file driver="mysql" charset="utf8">sql/uninstall.mysql.sql</file>
		</sql>
	</uninstall>
	<files folder="site">
			<filename>insteon.php</filename>
			<filename>controller.php</filename>
			<filename>index.html</filename>			
			<folder>controllers</folder>
			<folder>css</folder>
			<folder>images</folder>			
			<folder>js</folder>
			<folder>language</folder>
			<folder>models</folder>
			<folder>views</folder>
	</files>	
	<administration>
		<menu>COM_INSTEON</menu>
		<files folder="admin">
			<filename>config.xml</filename>
			<filename>insteon.php</filename>
			<filename>controller.php</filename>
			<filename>index.html</filename>
			<filename>access.xml</filename>			
			<folder>assets</folder>
			<folder>elements</folder>				
			<folder>controllers</folder>
			<folder>helpers</folder>
			<folder>language</folder>
			<folder>models</folder>
			<folder>sql</folder>			
			<folder>tables</folder>
			<folder>views</folder>									
		</files>	
	</administration>
</extension>